マシソン, (巨), 右投げ, 70試合, 8勝, 4敗, 1セーブ, 49HP, 防御率2.36, 勝率0.667
ジャクソン, (広), 右投げ, 67試合, 5勝, 4敗, 0セーブ, 42HP, 防御率1.71, 勝率0.556
宮西　尚生, (日), 左投げ, 58試合, 3勝, 1敗, 2セーブ, 42HP, 防御率1.52, 勝率0.750
ルーキ, (ヤ), 右投げ, 69試合, 6勝, 6敗, 0セーブ, 39HP, 防御率3.06, 勝率0.500
三上　朋也, (デ), 右投げ, 59試合, 2勝, 4敗, 2セーブ, 34HP, 防御率2.61, 勝率0.333
牧田　和久, (西), 右投げ, 50試合, 7勝, 1敗, 0セーブ, 32HP, 防御率1.60, 勝率0.875
谷元　圭介, (日), 右投げ, 58試合, 3勝, 2敗, 3セーブ, 31HP, 防御率2.32, 勝率0.600
ミコライオ, (楽), 右投げ, 45試合, 5勝, 1敗, 0セーブ, 28HP, 防御率2.38, 勝率0.833
須田　幸太, (デ), 右投げ, 62試合, 5勝, 3敗, 0セーブ, 28HP, 防御率2.68, 勝率0.625
田中　健二朗, (デ), 左投げ, 61試合, 5勝, 3敗, 0セーブ, 28HP, 防御率2.45, 勝率0.625
スアレス, (ソ), 右投げ, 58試合, 2勝, 6敗, 1セーブ, 28HP, 防御率3.19, 勝率0.250
吉田　一将, (オ), 右投げ, 54試合, 5勝, 2敗, 1セーブ, 26HP, 防御率2.66, 勝率0.714
今村　猛, (広), 右投げ, 67試合, 3勝, 4敗, 2セーブ, 25HP, 防御率2.44, 勝率0.429
ヘーゲンズ, (広), 右投げ, 50試合, 7勝, 5敗, 0セーブ, 24HP, 防御率2.92, 勝率0.583
益田　直也, (ロ), 右投げ, 61試合, 3勝, 2敗, 14セーブ, 24HP, 防御率1.83, 勝率0.600
福山　博之, (楽), 右投げ, 69試合, 4勝, 5敗, 0セーブ, 23HP, 防御率2.71, 勝率0.444
_橋　聡文, (神), 左投げ, 54試合, 3勝, 1敗, 0セーブ, 23HP, 防御率3.76, 勝率0.750
又吉　克樹, (中), 右投げ, 62試合, 6勝, 6敗, 0セーブ, 22HP, 防御率2.80, 勝率0.500
内　竜也, (ロ), 右投げ, 34試合, 3勝, 1敗, 1セーブ, 22HP, 防御率1.39, 勝率0.750
南　昌輝, (ロ), 右投げ, 57試合, 5勝, 4敗, 0セーブ, 21HP, 防御率2.74, 勝率0.556
田島　慎二, (中), 右投げ, 59試合, 3勝, 4敗, 17セーブ, 21HP, 防御率2.44, 勝率0.429
マーティン, (日), 右投げ, 52試合, 2勝, 0敗, 21セーブ, 21HP, 防御率1.07, 勝率1.000
山口　鉄也, (巨), 左投げ, 63試合, 1勝, 6敗, 1セーブ, 20HP, 防御率4.88, 勝率0.143
武隈　祥太, (西), 左投げ, 64試合, 5勝, 3敗, 0セーブ, 19HP, 防御率3.54, 勝率0.625
森　唯斗, (ソ), 右投げ, 56試合, 4勝, 3敗, 1セーブ, 18HP, 防御率2.98, 勝率0.571
田原　誠次, (巨), 右投げ, 64試合, 4勝, 3敗, 0セーブ, 18HP, 防御率3.46, 勝率0.571
森福　允彦, (ソ), 左投げ, 50試合, 2勝, 1敗, 0セーブ, 18HP, 防御率2.00, 勝率0.667
塚原　頌平, (オ), 右投げ, 54試合, 4勝, 1敗, 0セーブ, 17HP, 防御率2.67, 勝率0.800
金刃　憲人, (楽), 左投げ, 54試合, 3勝, 1敗, 0セーブ, 17HP, 防御率2.38, 勝率0.750
岡田　俊哉, (中), 左投げ, 57試合, 3勝, 1敗, 0セーブ, 16HP, 防御率3.20, 勝率0.750
海田　智行, (オ), 左投げ, 50試合, 1勝, 3敗, 0セーブ, 16HP, 防御率2.78, 勝率0.250
青山　浩二, (楽), 右投げ, 50試合, 1勝, 5敗, 0セーブ, 15HP, 防御率4.83, 勝率0.167
藤川　球児, (神), 右投げ, 43試合, 5勝, 6敗, 3セーブ, 14HP, 防御率4.60, 勝率0.455
大谷　智久, (ロ), 右投げ, 32試合, 1勝, 3敗, 0セーブ, 14HP, 防御率3.45, 勝率0.250
松永　昂大, (ロ), 左投げ, 53試合, 3勝, 0敗, 0セーブ, 13HP, 防御率3.46, 勝率1.000
秋吉　亮, (ヤ), 右投げ, 70試合, 3勝, 4敗, 19セーブ, 13HP, 防御率2.19, 勝率0.429
佐藤　達也, (オ), 右投げ, 43試合, 1勝, 4敗, 0セーブ, 13HP, 防御率5.01, 勝率0.200
村中　恭兵, (ヤ), 左投げ, 52試合, 7勝, 3敗, 0セーブ, 12HP, 防御率3.90, 勝率0.700
平野　佳寿, (オ), 右投げ, 58試合, 4勝, 4敗, 31セーブ, 12HP, 防御率1.92, 勝率0.500
ドリス, (神), 右投げ, 34試合, 3勝, 3敗, 8セーブ, 12HP, 防御率2.12, 勝率0.500
石井　裕也, (日), 左投げ, 22試合, 0勝, 0敗, 0セーブ, 12HP, 防御率1.65, 勝率0.000
祖父江　大輔, (中), 右投げ, 46試合, 0勝, 4敗, 0セーブ, 12HP, 防御率3.14, 勝率0.000
松井　裕樹, (楽), 左投げ, 58試合, 1勝, 4敗, 30セーブ, 11HP, 防御率3.32, 勝率0.200
安藤　優也, (神), 右投げ, 50試合, 0勝, 1敗, 0セーブ, 11HP, 防御率2.53, 勝率0.000
澤村　拓一, (巨), 右投げ, 63試合, 6勝, 4敗, 37セーブ, 10HP, 防御率2.66, 勝率0.600
岩嵜　翔, (ソ), 右投げ, 35試合, 4勝, 2敗, 1セーブ, 10HP, 防御率1.95, 勝率0.667
宮國　椋丞, (巨), 右投げ, 34試合, 4勝, 1敗, 0セーブ, 10HP, 防御率2.95, 勝率0.800
中_　翔太, (広), 右投げ, 61試合, 3勝, 4敗, 34セーブ, 10HP, 防御率1.32, 勝率0.429
小川　龍也, (中), 左投げ, 44試合, 1勝, 1敗, 0セーブ, 10HP, 防御率2.27, 勝率0.500
山_　康晃, (デ), 右投げ, 59試合, 2勝, 5敗, 33セーブ, 9HP, 防御率3.59, 勝率0.286
福谷　浩司, (中), 右投げ, 41試合, 1勝, 2敗, 8セーブ, 9HP, 防御率4.05, 勝率0.333
バース, (日), 右投げ, 37試合, 8勝, 8敗, 0セーブ, 8HP, 防御率3.65, 勝率0.500
鍵谷　陽平, (日), 右投げ, 48試合, 5勝, 3敗, 3セーブ, 8HP, 防御率4.23, 勝率0.625
西野　勇士, (ロ), 右投げ, 42試合, 3勝, 6敗, 21セーブ, 8HP, 防御率3.35, 勝率0.333
増田　達至, (西), 右投げ, 53試合, 3勝, 5敗, 28セーブ, 8HP, 防御率1.66, 勝率0.375
マテオ, (神), 右投げ, 52試合, 1勝, 3敗, 20セーブ, 8HP, 防御率1.80, 勝率0.250
平井　諒, (ヤ), 右投げ, 33試合, 1勝, 1敗, 0セーブ, 8HP, 防御率2.81, 勝率0.500
山井　大介, (中), 右投げ, 33試合, 1勝, 8敗, 0セーブ, 8HP, 防御率4.52, 勝率0.111
サファテ, (ソ), 右投げ, 64試合, 0勝, 7敗, 43セーブ, 8HP, 防御率1.88, 勝率0.000
大瀬良　大地, (広), 右投げ, 17試合, 3勝, 1敗, 0セーブ, 7HP, 防御率3.32, 勝率0.750
藤岡　貴裕, (ロ), 左投げ, 32試合, 1勝, 1敗, 0セーブ, 7HP, 防御率2.55, 勝率0.500
サターホワイト, (神), 右投げ, 20試合, 1勝, 1敗, 0セーブ, 7HP, 防御率2.57, 勝率0.500
五十嵐　亮太, (ソ), 右投げ, 33試合, 0勝, 1敗, 0セーブ, 7HP, 防御率3.62, 勝率0.000
ザガースキー, (デ), 左投げ, 32試合, 3勝, 1敗, 0セーブ, 6HP, 防御率4.96, 勝率0.750
松岡　健一, (ヤ), 右投げ, 53試合, 2勝, 1敗, 0セーブ, 6HP, 防御率3.74, 勝率0.667
比嘉　幹貴, (オ), 右投げ, 16試合, 1勝, 1敗, 0セーブ, 6HP, 防御率4.82, 勝率0.500
一岡　竜司, (広), 右投げ, 27試合, 1勝, 1敗, 0セーブ, 6HP, 防御率1.82, 勝率0.500
戸根　千明, (巨), 左投げ, 42試合, 1勝, 0敗, 1セーブ, 6HP, 防御率4.50, 勝率1.000
バスケス, (西), 右投げ, 19試合, 0勝, 0敗, 0セーブ, 6HP, 防御率5.51, 勝率0.000
岸田　護, (オ), 右投げ, 16試合, 0勝, 0敗, 0セーブ, 6HP, 防御率7.90, 勝率0.000
加賀　繁, (デ), 右投げ, 26試合, 0勝, 0敗, 0セーブ, 6HP, 防御率5.40, 勝率0.000
増井　浩俊, (日), 右投げ, 30試合, 10勝, 3敗, 10セーブ, 5HP, 防御率2.44, 勝率0.769
オンドルセク, (ヤ), 右投げ, 30試合, 3勝, 1敗, 11セーブ, 5HP, 防御率2.45, 勝率0.750
飯田　優也, (ソ), 左投げ, 30試合, 1勝, 0敗, 0セーブ, 5HP, 防御率3.29, 勝率1.000
福　敬登, (中), 左投げ, 27試合, 1勝, 2敗, 0セーブ, 5HP, 防御率4.78, 勝率0.333
白村　明弘, (日), 右投げ, 22試合, 3勝, 1敗, 0セーブ, 4HP, 防御率2.63, 勝率0.750
寺原　隼人, (ソ), 右投げ, 14試合, 2勝, 1敗, 0セーブ, 4HP, 防御率4.05, 勝率0.667
大石　達也, (西), 右投げ, 36試合, 1勝, 0敗, 0セーブ, 4HP, 防御率1.71, 勝率1.000
_橋　朋己, (西), 左投げ, 7試合, 1勝, 0敗, 1セーブ, 4HP, 防御率1.69, 勝率1.000
榎田　大樹, (神), 左投げ, 35試合, 1勝, 1敗, 0セーブ, 4HP, 防御率4.31, 勝率0.500
井口　和朋, (日), 右投げ, 37試合, 0勝, 1敗, 0セーブ, 4HP, 防御率3.86, 勝率0.000
野田　昇吾, (西), 左投げ, 22試合, 0勝, 0敗, 0セーブ, 4HP, 防御率3.93, 勝率0.000
福原　忍, (神), 右投げ, 9試合, 0勝, 0敗, 0セーブ, 4HP, 防御率5.06, 勝率0.000
高梨　裕稔, (日), 右投げ, 37試合, 10勝, 2敗, 0セーブ, 3HP, 防御率2.38, 勝率0.833
西宮　悠介, (楽), 左投げ, 29試合, 3勝, 0敗, 0セーブ, 3HP, 防御率4.44, 勝率1.000
藤原　良平, (西), 右投げ, 10試合, 2勝, 0敗, 0セーブ, 3HP, 防御率2.08, 勝率1.000
濱矢　廣大, (楽), 左投げ, 13試合, 2勝, 0敗, 0セーブ, 3HP, 防御率10.24, 勝率1.000
オスカル, (広), 左投げ, 23試合, 2勝, 0敗, 0セーブ, 3HP, 防御率6.35, 勝率1.000
永川　勝浩, (広), 右投げ, 11試合, 2勝, 0敗, 0セーブ, 3HP, 防御率6.30, 勝率1.000
ペレス, (ヤ), 左投げ, 19試合, 2勝, 2敗, 0セーブ, 3HP, 防御率8.02, 勝率0.500
高野　圭佑, (ロ), 右投げ, 14試合, 1勝, 0敗, 0セーブ, 3HP, 防御率5.87, 勝率1.000
島本　浩也, (神), 左投げ, 23試合, 1勝, 0敗, 0セーブ, 3HP, 防御率3.65, 勝率1.000
バリオス, (ソ), 右投げ, 11試合, 0勝, 2敗, 0セーブ, 3HP, 防御率7.82, 勝率0.000
石崎　剛, (神), 右投げ, 10試合, 0勝, 0敗, 0セーブ, 3HP, 防御率1.69, 勝率0.000
久古　健太郎, (ヤ), 左投げ, 39試合, 0勝, 0敗, 1セーブ, 3HP, 防御率4.44, 勝率0.000
加藤　貴之, (日), 左投げ, 30試合, 7勝, 3敗, 0セーブ, 2HP, 防御率3.45, 勝率0.700
十亀　剣, (西), 右投げ, 21試合, 4勝, 6敗, 0セーブ, 2HP, 防御率6.31, 勝率0.400
戸田　隆矢, (広), 左投げ, 17試合, 4勝, 0敗, 1セーブ, 2HP, 防御率2.80, 勝率1.000
中田　廉, (広), 右投げ, 8試合, 1勝, 1敗, 0セーブ, 2HP, 防御率16.62, 勝率0.500
松田　遼馬, (神), 右投げ, 22試合, 1勝, 0敗, 0セーブ, 2HP, 防御率1.00, 勝率1.000
石山　泰稚, (ヤ), 右投げ, 13試合, 1勝, 0敗, 0セーブ, 2HP, 防御率7.31, 勝率1.000
小石　博孝, (西), 左投げ, 50試合, 0勝, 2敗, 1セーブ, 2HP, 防御率3.74, 勝率0.000
横山　貴明, (楽), 右投げ, 19試合, 0勝, 0敗, 0セーブ, 2HP, 防御率6.38, 勝率0.000
西村　健太朗, (巨), 右投げ, 27試合, 0勝, 0敗, 0セーブ, 2HP, 防御率3.21, 勝率0.000
藤岡　好明, (デ), 右投げ, 9試合, 0勝, 1敗, 0セーブ, 2HP, 防御率1.13, 勝率0.000
歳内　宏明, (神), 右投げ, 9試合, 0勝, 0敗, 0セーブ, 2HP, 防御率3.00, 勝率0.000
岩瀬　仁紀, (中), 左投げ, 15試合, 0勝, 2敗, 0セーブ, 2HP, 防御率6.10, 勝率0.000
大谷　翔平, (日), 右投げ, 21試合, 10勝, 4敗, 0セーブ, 1HP, 防御率1.86, 勝率0.714
能見　篤史, (神), 左投げ, 26試合, 8勝, 12敗, 0セーブ, 1HP, 防御率3.67, 勝率0.400
メンドーサ, (日), 右投げ, 23試合, 7勝, 8敗, 0セーブ, 1HP, 防御率3.88, 勝率0.467
松葉　貴大, (オ), 左投げ, 28試合, 7勝, 9敗, 0セーブ, 1HP, 防御率3.26, 勝率0.438
若松　駿太, (中), 右投げ, 19試合, 7勝, 8敗, 0セーブ, 1HP, 防御率4.06, 勝率0.467
小熊　凌祐, (中), 右投げ, 14試合, 5勝, 2敗, 0セーブ, 1HP, 防御率2.80, 勝率0.714
岡田　明丈, (広), 右投げ, 18試合, 4勝, 3敗, 0セーブ, 1HP, 防御率3.02, 勝率0.571
野上　亮磨, (西), 右投げ, 22試合, 3勝, 9敗, 1セーブ, 1HP, 防御率3.87, 勝率0.250
薮田　和樹, (広), 右投げ, 16試合, 3勝, 1敗, 0セーブ, 1HP, 防御率2.61, 勝率0.750
九里　亜蓮, (広), 右投げ, 27試合, 2勝, 2敗, 0セーブ, 1HP, 防御率4.50, 勝率0.500
砂田　毅樹, (デ), 左投げ, 17試合, 2勝, 2敗, 0セーブ, 1HP, 防御率3.78, 勝率0.500
榎下　陽大, (日), 右投げ, 16試合, 1勝, 0敗, 0セーブ, 1HP, 防御率3.58, 勝率1.000
大嶺　祐太, (ロ), 右投げ, 14試合, 1勝, 3敗, 0セーブ, 1HP, 防御率6.49, 勝率0.250
佐野　泰雄, (西), 左投げ, 15試合, 1勝, 1敗, 0セーブ, 1HP, 防御率3.29, 勝率0.500
東明　大貴, (オ), 右投げ, 24試合, 1勝, 10敗, 0セーブ, 1HP, 防御率4.94, 勝率0.091
金田　和之, (神), 右投げ, 6試合, 1勝, 0敗, 0セーブ, 1HP, 防御率6.00, 勝率1.000
館山　昌平, (ヤ), 右投げ, 10試合, 1勝, 4敗, 0セーブ, 1HP, 防御率7.24, 勝率0.200
中澤　雅人, (ヤ), 左投げ, 19試合, 1勝, 0敗, 0セーブ, 1HP, 防御率3.54, 勝率1.000
佐藤　優, (中), 右投げ, 14試合, 1勝, 0敗, 0セーブ, 1HP, 防御率3.67, 勝率1.000
石川　直也, (日), 右投げ, 1試合, 0勝, 0敗, 0セーブ, 1HP, 防御率0.00, 勝率0.000
上原　健太, (日), 左投げ, 1試合, 0勝, 0敗, 0セーブ, 1HP, 防御率0.00, 勝率0.000
田中　豊樹, (日), 右投げ, 4試合, 0勝, 0敗, 0セーブ, 1HP, 防御率0.00, 勝率0.000
イ・デウン, (ロ), 右投げ, 3試合, 0勝, 0敗, 0セーブ, 1HP, 防御率7.20, 勝率0.000
香月　良仁, (ロ), 右投げ, 11試合, 0勝, 0敗, 0セーブ, 1HP, 防御率8.44, 勝率0.000
田中　靖洋, (ロ), 右投げ, 17試合, 0勝, 1敗, 0セーブ, 1HP, 防御率2.76, 勝率0.000
東條　大樹, (ロ), 右投げ, 11試合, 0勝, 0敗, 0セーブ, 1HP, 防御率10.03, 勝率0.000
Ｃ．Ｃ．リー, (西), 右投げ, 18試合, 0勝, 0敗, 0セーブ, 1HP, 防御率6.48, 勝率0.000
金　無英, (楽), 右投げ, 2試合, 0勝, 0敗, 0セーブ, 1HP, 防御率4.50, 勝率0.000
ブリガム, (楽), 右投げ, 11試合, 0勝, 3敗, 0セーブ, 1HP, 防御率5.24, 勝率0.000
宮川　将, (楽), 右投げ, 9試合, 0勝, 0敗, 0セーブ, 1HP, 防御率0.93, 勝率0.000
リズ, (楽), 右投げ, 5試合, 0勝, 3敗, 0セーブ, 1HP, 防御率6.94, 勝率0.000
赤間　謙, (オ), 右投げ, 24試合, 0勝, 1敗, 0セーブ, 1HP, 防御率3.09, 勝率0.000
江草　仁貴, (広), 左投げ, 8試合, 0勝, 0敗, 0セーブ, 1HP, 防御率6.00, 勝率0.000
小山　雄輝, (巨), 右投げ, 9試合, 0勝, 1敗, 0セーブ, 1HP, 防御率4.85, 勝率0.000
大原　慎司, (デ), 左投げ, 16試合, 0勝, 0敗, 0セーブ, 1HP, 防御率4.97, 勝率0.000
高宮　和也, (神), 左投げ, 16試合, 0勝, 1敗, 0セーブ, 1HP, 防御率6.39, 勝率0.000
田面　巧二郎, (神), 右投げ, 4試合, 0勝, 1敗, 0セーブ, 1HP, 防御率6.23, 勝率0.000
岩橋　慶侍, (ヤ), 左投げ, 14試合, 0勝, 1敗, 0セーブ, 1HP, 防御率7.24, 勝率0.000
寺田　哲也, (ヤ), 右投げ, 2試合, 0勝, 1敗, 0セーブ, 1HP, 防御率27.00, 勝率0.000
野村　祐輔, (広), 右投げ, 25試合, 16勝, 3敗, 0セーブ, 0HP, 防御率2.71, 勝率0.842
和田　毅, (ソ), 左投げ, 24試合, 15勝, 5敗, 0セーブ, 0HP, 防御率3.04, 勝率0.750
ジョンソン, (広), 左投げ, 26試合, 15勝, 7敗, 0セーブ, 0HP, 防御率2.15, 勝率0.682
武田　翔太, (ソ), 右投げ, 27試合, 14勝, 8敗, 0セーブ, 0HP, 防御率2.95, 勝率0.636
石川　歩, (ロ), 右投げ, 23試合, 14勝, 5敗, 0セーブ, 0HP, 防御率2.16, 勝率0.737
千賀　滉大, (ソ), 右投げ, 25試合, 12勝, 3敗, 0セーブ, 0HP, 防御率2.61, 勝率0.800
菊池　雄星, (西), 左投げ, 22試合, 12勝, 7敗, 0セーブ, 0HP, 防御率2.58, 勝率0.632
メッセンジャー, (神), 右投げ, 28試合, 12勝, 11敗, 0セーブ, 0HP, 防御率3.01, 勝率0.522
有原　航平, (日), 右投げ, 22試合, 11勝, 9敗, 0セーブ, 0HP, 防御率2.94, 勝率0.550
則本　昂大, (楽), 右投げ, 28試合, 11勝, 11敗, 0セーブ, 0HP, 防御率2.91, 勝率0.500
山口　俊, (デ), 右投げ, 19試合, 11勝, 5敗, 0セーブ, 0HP, 防御率2.86, 勝率0.688
涌井　秀章, (ロ), 右投げ, 26試合, 10勝, 7敗, 0セーブ, 0HP, 防御率3.01, 勝率0.588
西　勇輝, (オ), 右投げ, 26試合, 10勝, 12敗, 0セーブ, 0HP, 防御率4.14, 勝率0.455
黒田　博樹, (広), 右投げ, 24試合, 10勝, 8敗, 0セーブ, 0HP, 防御率3.09, 勝率0.556
田口　麗斗, (巨), 左投げ, 26試合, 10勝, 10敗, 0セーブ, 0HP, 防御率2.72, 勝率0.500
岩貞　祐太, (神), 左投げ, 25試合, 10勝, 9敗, 0セーブ, 0HP, 防御率2.90, 勝率0.526
東浜　巨, (ソ), 右投げ, 23試合, 9勝, 6敗, 0セーブ, 0HP, 防御率3.00, 勝率0.600
岸　孝之, (西), 右投げ, 19試合, 9勝, 7敗, 0セーブ, 0HP, 防御率2.49, 勝率0.563
美馬　学, (楽), 右投げ, 26試合, 9勝, 9敗, 0セーブ, 0HP, 防御率4.30, 勝率0.500
ディクソン, (オ), 右投げ, 27試合, 9勝, 11敗, 0セーブ, 0HP, 防御率4.36, 勝率0.450
内海　哲也, (巨), 左投げ, 18試合, 9勝, 6敗, 0セーブ, 0HP, 防御率3.94, 勝率0.600
菅野　智之, (巨), 右投げ, 26試合, 9勝, 6敗, 0セーブ, 0HP, 防御率2.01, 勝率0.600
石田　健大, (デ), 左投げ, 25試合, 9勝, 4敗, 0セーブ, 0HP, 防御率3.12, 勝率0.692
スタンリッジ, (ロ), 右投げ, 27試合, 8勝, 8敗, 0セーブ, 0HP, 防御率3.56, 勝率0.500
塩見　貴洋, (楽), 左投げ, 24試合, 8勝, 10敗, 0セーブ, 0HP, 防御率3.89, 勝率0.444
今永　昇太, (デ), 左投げ, 22試合, 8勝, 9敗, 0セーブ, 0HP, 防御率2.93, 勝率0.471
石川　雅規, (ヤ), 左投げ, 20試合, 8勝, 8敗, 0セーブ, 0HP, 防御率4.47, 勝率0.500
小川　泰弘, (ヤ), 右投げ, 25試合, 8勝, 9敗, 0セーブ, 0HP, 防御率4.50, 勝率0.471
吉川　光夫, (日), 左投げ, 27試合, 7勝, 6敗, 3セーブ, 0HP, 防御率4.19, 勝率0.538
中田　賢一, (ソ), 右投げ, 17試合, 7勝, 3敗, 0セーブ, 0HP, 防御率3.01, 勝率0.700
バンデンハーク, (ソ), 右投げ, 13試合, 7勝, 3敗, 0セーブ, 0HP, 防御率3.84, 勝率0.700
二木　康太, (ロ), 右投げ, 22試合, 7勝, 9敗, 0セーブ, 0HP, 防御率5.34, 勝率0.438
多和田　真三郎, (西), 右投げ, 18試合, 7勝, 5敗, 0セーブ, 0HP, 防御率4.38, 勝率0.583
釜田　佳直, (楽), 右投げ, 20試合, 7勝, 5敗, 0セーブ, 0HP, 防御率4.14, 勝率0.583
金子　千尋, (オ), 右投げ, 24試合, 7勝, 9敗, 0セーブ, 0HP, 防御率3.83, 勝率0.438
井納　翔一, (デ), 右投げ, 23試合, 7勝, 11敗, 0セーブ, 0HP, 防御率3.50, 勝率0.389
藤浪　晋太郎, (神), 右投げ, 26試合, 7勝, 11敗, 0セーブ, 0HP, 防御率3.25, 勝率0.389
大野　雄大, (中), 左投げ, 19試合, 7勝, 10敗, 0セーブ, 0HP, 防御率3.54, 勝率0.412
唐川　侑己, (ロ), 右投げ, 15試合, 6勝, 6敗, 0セーブ, 0HP, 防御率2.84, 勝率0.500
大竹　寛, (巨), 右投げ, 17試合, 6勝, 6敗, 0セーブ, 0HP, 防御率3.55, 勝率0.500
山中　浩史, (ヤ), 右投げ, 22試合, 6勝, 12敗, 0セーブ, 0HP, 防御率3.54, 勝率0.333
ジョーダン, (中), 左投げ, 22試合, 6勝, 6敗, 0セーブ, 0HP, 防御率4.24, 勝率0.500
バルデス, (中), 左投げ, 20試合, 6勝, 7敗, 0セーブ, 0HP, 防御率3.51, 勝率0.462
吉見　一起, (中), 右投げ, 21試合, 6勝, 7敗, 0セーブ, 0HP, 防御率3.08, 勝率0.462
関谷　亮太, (ロ), 右投げ, 16試合, 5勝, 6敗, 0セーブ, 0HP, 防御率5.52, 勝率0.455
福井　優也, (広), 右投げ, 13試合, 5勝, 4敗, 0セーブ, 0HP, 防御率4.34, 勝率0.556
高木　勇人, (巨), 右投げ, 25試合, 5勝, 9敗, 0セーブ, 0HP, 防御率4.31, 勝率0.357
久保　康友, (デ), 右投げ, 15試合, 5勝, 8敗, 0セーブ, 0HP, 防御率3.55, 勝率0.385
モスコーソ, (デ), 右投げ, 13試合, 5勝, 7敗, 0セーブ, 0HP, 防御率5.18, 勝率0.417
ウルフ, (西), 右投げ, 4試合, 4勝, 0敗, 0セーブ, 0HP, 防御率3.04, 勝率1.000
_橋　光成, (西), 右投げ, 22試合, 4勝, 11敗, 0セーブ, 0HP, 防御率4.42, 勝率0.267
マイコラス, (巨), 右投げ, 14試合, 4勝, 2敗, 0セーブ, 0HP, 防御率2.45, 勝率0.667
青柳　晃洋, (神), 右投げ, 13試合, 4勝, 5敗, 0セーブ, 0HP, 防御率3.29, 勝率0.444
デイビーズ, (ヤ), 右投げ, 15試合, 4勝, 5敗, 0セーブ, 0HP, 防御率4.39, 勝率0.444
安樂　智大, (楽), 右投げ, 15試合, 3勝, 5敗, 0セーブ, 0HP, 防御率3.42, 勝率0.375
辛島　航, (楽), 左投げ, 13試合, 3勝, 7敗, 0セーブ, 0HP, 防御率3.88, 勝率0.300
山_　福也, (オ), 左投げ, 17試合, 3勝, 2敗, 0セーブ, 0HP, 防御率3.67, 勝率0.600
今村　信貴, (巨), 左投げ, 16試合, 3勝, 4敗, 0セーブ, 0HP, 防御率5.59, 勝率0.429
ペトリック, (デ), 右投げ, 15試合, 3勝, 2敗, 0セーブ, 0HP, 防御率5.51, 勝率0.600
岩崎　優, (神), 左投げ, 16試合, 3勝, 5敗, 0セーブ, 0HP, 防御率3.63, 勝率0.375
杉浦　稔大, (ヤ), 右投げ, 17試合, 3勝, 2敗, 0セーブ, 0HP, 防御率7.14, 勝率0.600
成瀬　善久, (ヤ), 左投げ, 22試合, 3勝, 2敗, 0セーブ, 0HP, 防御率5.60, 勝率0.600
攝津　正, (ソ), 右投げ, 7試合, 2勝, 2敗, 0セーブ, 0HP, 防御率5.59, 勝率0.500
近藤　一樹, (オ), 右投げ, 5試合, 2勝, 2敗, 0セーブ, 0HP, 防御率8.24, 勝率0.500
山田　修義, (オ), 左投げ, 12試合, 2勝, 7敗, 0セーブ, 0HP, 防御率4.94, 勝率0.222
横山　弘樹, (広), 右投げ, 6試合, 2勝, 2敗, 0セーブ, 0HP, 防御率5.47, 勝率0.500
横山　雄哉, (神), 左投げ, 3試合, 2勝, 0敗, 0セーブ, 0HP, 防御率2.93, 勝率1.000
原　樹理, (ヤ), 右投げ, 13試合, 2勝, 8敗, 0セーブ, 0HP, 防御率5.91, 勝率0.200
由規, (ヤ), 右投げ, 5試合, 2勝, 3敗, 0セーブ, 0HP, 防御率4.56, 勝率0.400
小笠原　慎之介, (中), 左投げ, 15試合, 2勝, 6敗, 0セーブ, 0HP, 防御率3.36, 勝率0.250
大隣　憲司, (ソ), 左投げ, 1試合, 1勝, 0敗, 0セーブ, 0HP, 防御率1.50, 勝率1.000
山田　大樹, (ソ), 左投げ, 4試合, 1勝, 1敗, 0セーブ, 0HP, 防御率5.93, 勝率0.500
チェン・グァンユウ, (ロ), 左投げ, 7試合, 1勝, 1敗, 0セーブ, 0HP, 防御率4.01, 勝率0.500
佐藤　勇, (西), 左投げ, 7試合, 1勝, 3敗, 0セーブ, 0HP, 防御率5.76, 勝率0.250
菊池　保則, (楽), 右投げ, 7試合, 1勝, 1敗, 0セーブ, 0HP, 防御率5.16, 勝率0.500
戸村　健次, (楽), 右投げ, 11試合, 1勝, 5敗, 0セーブ, 0HP, 防御率4.41, 勝率0.167
中村　恭平, (広), 左投げ, 8試合, 1勝, 1敗, 0セーブ, 0HP, 防御率5.40, 勝率0.500
ポレダ, (巨), 左投げ, 5試合, 1勝, 3敗, 0セーブ, 0HP, 防御率4.00, 勝率0.250
熊原　健人, (デ), 右投げ, 18試合, 1勝, 1敗, 0セーブ, 0HP, 防御率4.97, 勝率0.500
三嶋　一輝, (デ), 右投げ, 4試合, 1勝, 1敗, 0セーブ, 0HP, 防御率3.75, 勝率0.500
秋山　拓巳, (神), 右投げ, 8試合, 1勝, 1敗, 0セーブ, 0HP, 防御率4.05, 勝率0.500
新垣　渚, (ヤ), 右投げ, 6試合, 1勝, 2敗, 0セーブ, 0HP, 防御率6.67, 勝率0.333
伊藤　準規, (中), 右投げ, 6試合, 1勝, 2敗, 0セーブ, 0HP, 防御率6.05, 勝率0.333
ネイラー, (中), 右投げ, 7試合, 1勝, 2敗, 0セーブ, 0HP, 防御率4.62, 勝率0.333
新垣　勇人, (日), 右投げ, 4試合, 0勝, 0敗, 0セーブ, 0HP, 防御率3.86, 勝率0.000
金平　将至, (日), 左投げ, 1試合, 0勝, 0敗, 0セーブ, 0HP, 防御率0.00, 勝率0.000
斎藤　佑樹, (日), 右投げ, 11試合, 0勝, 1敗, 0セーブ, 0HP, 防御率4.56, 勝率0.000
瀬川　隼郎, (日), 左投げ, 1試合, 0勝, 0敗, 0セーブ, 0HP, 防御率0.00, 勝率0.000
武田　久, (日), 右投げ, 5試合, 0勝, 0敗, 0セーブ, 0HP, 防御率14.54, 勝率0.000
武田　勝, (日), 左投げ, 1試合, 0勝, 0敗, 0セーブ, 0HP, 防御率0.00, 勝率0.000
中村　勝, (日), 右投げ, 2試合, 0勝, 1敗, 0セーブ, 0HP, 防御率6.00, 勝率0.000
藤岡　好明, (日), 右投げ, 1試合, 0勝, 0敗, 0セーブ, 0HP, 防御率27.00, 勝率0.000
岡本　健, (ソ), 右投げ, 13試合, 0勝, 0敗, 0セーブ, 0HP, 防御率2.57, 勝率0.000
加治屋　蓮, (ソ), 右投げ, 2試合, 0勝, 0敗, 0セーブ, 0HP, 防御率4.50, 勝率0.000
嘉弥真　新也, (ソ), 左投げ, 5試合, 0勝, 0敗, 0セーブ, 0HP, 防御率8.59, 勝率0.000
松坂　大輔, (ソ), 右投げ, 1試合, 0勝, 0敗, 0セーブ, 0HP, 防御率18.00, 勝率0.000
松本　裕樹, (ソ), 右投げ, 1試合, 0勝, 0敗, 0セーブ, 0HP, 防御率9.00, 勝率0.000
柳瀬　明宏, (ソ), 右投げ, 2試合, 0勝, 0敗, 0セーブ, 0HP, 防御率4.50, 勝率0.000
阿部　和成, (ロ), 右投げ, 13試合, 0勝, 0敗, 0セーブ, 0HP, 防御率4.67, 勝率0.000
金森　敬之, (ロ), 右投げ, 1試合, 0勝, 0敗, 0セーブ, 0HP, 防御率36.00, 勝率0.000
木村　優太, (ロ), 左投げ, 6試合, 0勝, 1敗, 0セーブ, 0HP, 防御率4.22, 勝率0.000
黒沢　翔太, (ロ), 右投げ, 4試合, 0勝, 0敗, 0セーブ, 0HP, 防御率4.50, 勝率0.000
古谷　拓哉, (ロ), 左投げ, 5試合, 0勝, 4敗, 0セーブ, 0HP, 防御率8.84, 勝率0.000
宮_　敦次, (ロ), 左投げ, 2試合, 0勝, 0敗, 0セーブ, 0HP, 防御率0.00, 勝率0.000
岩尾　利弘, (西), 右投げ, 2試合, 0勝, 0敗, 0セーブ, 0HP, 防御率9.00, 勝率0.000
岡本　篤志, (西), 右投げ, 4試合, 0勝, 0敗, 0セーブ, 0HP, 防御率6.75, 勝率0.000
岡本　洋介, (西), 右投げ, 4試合, 0勝, 0敗, 0セーブ, 0HP, 防御率19.29, 勝率0.000
郭　俊麟, (西), 右投げ, 12試合, 0勝, 3敗, 0セーブ, 0HP, 防御率8.46, 勝率0.000
國場　翼, (西), 右投げ, 2試合, 0勝, 0敗, 0セーブ, 0HP, 防御率0.00, 勝率0.000
豊田　拓矢, (西), 右投げ, 6試合, 0勝, 0敗, 0セーブ, 0HP, 防御率1.50, 勝率0.000
中_　雄太, (西), 左投げ, 8試合, 0勝, 0敗, 0セーブ, 0HP, 防御率6.00, 勝率0.000
バンヘッケン, (西), 左投げ, 10試合, 0勝, 4敗, 0セーブ, 0HP, 防御率6.31, 勝率0.000
ポーリーノ, (西), 右投げ, 9試合, 0勝, 6敗, 0セーブ, 0HP, 防御率4.70, 勝率0.000
本田　圭佑, (西), 右投げ, 2試合, 0勝, 1敗, 0セーブ, 0HP, 防御率7.71, 勝率0.000
誠, (西), 右投げ, 2試合, 0勝, 2敗, 0セーブ, 0HP, 防御率11.74, 勝率0.000
松本　直晃, (西), 右投げ, 2試合, 0勝, 0敗, 0セーブ, 0HP, 防御率0.00, 勝率0.000
南川　忠亮, (西), 右投げ, 4試合, 0勝, 0敗, 0セーブ, 0HP, 防御率2.25, 勝率0.000
相原　和友, (楽), 左投げ, 2試合, 0勝, 0敗, 0セーブ, 0HP, 防御率45.00, 勝率0.000
石橋　良太, (楽), 右投げ, 6試合, 0勝, 0敗, 0セーブ, 0HP, 防御率13.50, 勝率0.000
入野　貴大, (楽), 右投げ, 4試合, 0勝, 0敗, 0セーブ, 0HP, 防御率12.27, 勝率0.000
大塚　尚仁, (楽), 左投げ, 4試合, 0勝, 0敗, 0セーブ, 0HP, 防御率10.80, 勝率0.000
小野　郁, (楽), 右投げ, 11試合, 0勝, 0敗, 0セーブ, 0HP, 防御率8.78, 勝率0.000
加藤　正志, (楽), 右投げ, 1試合, 0勝, 0敗, 0セーブ, 0HP, 防御率18.00, 勝率0.000
川井　貴志, (楽), 左投げ, 5試合, 0勝, 1敗, 0セーブ, 0HP, 防御率8.22, 勝率0.000
長谷部　康平, (楽), 左投げ, 2試合, 0勝, 0敗, 0セーブ, 0HP, 防御率11.57, 勝率0.000
古川　侑利, (楽), 右投げ, 6試合, 0勝, 0敗, 0セーブ, 0HP, 防御率7.71, 勝率0.000
武藤　好貴, (楽), 右投げ, 2試合, 0勝, 0敗, 0セーブ, 0HP, 防御率6.00, 勝率0.000
山内　壮馬, (楽), 右投げ, 1試合, 0勝, 0敗, 0セーブ, 0HP, 防御率0.00, 勝率0.000
レイ, (楽), 右投げ, 4試合, 0勝, 2敗, 0セーブ, 0HP, 防御率7.27, 勝率0.000
青山　大紀, (オ), 右投げ, 1試合, 0勝, 1敗, 0セーブ, 0HP, 防御率6.75, 勝率0.000
大田　阿斗里, (オ), 右投げ, 1試合, 0勝, 0敗, 0セーブ, 0HP, 防御率9.00, 勝率0.000
大山　暁史, (オ), 左投げ, 3試合, 0勝, 0敗, 0セーブ, 0HP, 防御率2.08, 勝率0.000
角屋　龍太, (オ), 右投げ, 2試合, 0勝, 0敗, 0セーブ, 0HP, 防御率11.57, 勝率0.000
コーディエ, (オ), 右投げ, 13試合, 0勝, 2敗, 2セーブ, 0HP, 防御率7.30, 勝率0.000
小松　聖, (オ), 右投げ, 4試合, 0勝, 1敗, 0セーブ, 0HP, 防御率10.80, 勝率0.000
近藤　大亮, (オ), 右投げ, 1試合, 0勝, 0敗, 0セーブ, 0HP, 防御率0.00, 勝率0.000
齋藤　綱記, (オ), 左投げ, 1試合, 0勝, 0敗, 0セーブ, 0HP, 防御率9.00, 勝率0.000
佐藤　峻一, (オ), 右投げ, 5試合, 0勝, 0敗, 0セーブ, 0HP, 防御率13.50, 勝率0.000
白仁田　寛和, (オ), 右投げ, 7試合, 0勝, 0敗, 0セーブ, 0HP, 防御率10.50, 勝率0.000
鈴木　優, (オ), 右投げ, 1試合, 0勝, 0敗, 0セーブ, 0HP, 防御率33.75, 勝率0.000
_木　伴, (オ), 右投げ, 4試合, 0勝, 0敗, 0セーブ, 0HP, 防御率6.00, 勝率0.000
ミッシュ, (オ), 左投げ, 3試合, 0勝, 1敗, 0セーブ, 0HP, 防御率8.44, 勝率0.000
八木　亮祐, (オ), 左投げ, 1試合, 0勝, 0敗, 0セーブ, 0HP, 防御率4.50, 勝率0.000
飯田　哲矢, (広), 左投げ, 2試合, 0勝, 0敗, 0セーブ, 0HP, 防御率0.00, 勝率0.000
小野　淳平, (広), 右投げ, 6試合, 0勝, 0敗, 0セーブ, 0HP, 防御率7.36, 勝率0.000
佐藤　祥万, (広), 左投げ, 2試合, 0勝, 0敗, 0セーブ, 0HP, 防御率7.71, 勝率0.000
デラバー, (広), 右投げ, 2試合, 0勝, 0敗, 0セーブ, 0HP, 防御率0.00, 勝率0.000
西原　圭大, (広), 右投げ, 2試合, 0勝, 0敗, 0セーブ, 0HP, 防御率12.60, 勝率0.000
久本　祐一, (広), 左投げ, 1試合, 0勝, 0敗, 0セーブ, 0HP, 防御率45.00, 勝率0.000
塹江　敦哉, (広), 左投げ, 3試合, 0勝, 1敗, 0セーブ, 0HP, 防御率11.37, 勝率0.000
乾　真大, (巨), 左投げ, 2試合, 0勝, 0敗, 0セーブ, 0HP, 防御率0.00, 勝率0.000
江柄子　裕樹, (巨), 右投げ, 2試合, 0勝, 1敗, 0セーブ, 0HP, 防御率7.27, 勝率0.000
公文　克彦, (巨), 左投げ, 12試合, 0勝, 0敗, 0セーブ, 0HP, 防御率3.86, 勝率0.000
桜井　俊貴, (巨), 右投げ, 1試合, 0勝, 1敗, 0セーブ, 0HP, 防御率8.31, 勝率0.000
平良　拳太郎, (巨), 右投げ, 1試合, 0勝, 1敗, 0セーブ, 0HP, 防御率9.82, 勝率0.000
土田　瑞起, (巨), 右投げ, 7試合, 0勝, 0敗, 1セーブ, 0HP, 防御率6.48, 勝率0.000
中川　皓太, (巨), 左投げ, 2試合, 0勝, 0敗, 0セーブ, 0HP, 防御率13.50, 勝率0.000
長谷川　潤, (巨), 右投げ, 3試合, 0勝, 1敗, 0セーブ, 0HP, 防御率8.53, 勝率0.000
メンドーサ, (巨), 右投げ, 3試合, 0勝, 0敗, 0セーブ, 0HP, 防御率11.25, 勝率0.000
矢貫　俊之, (巨), 右投げ, 8試合, 0勝, 0敗, 0セーブ, 0HP, 防御率2.61, 勝率0.000
長田　秀一郎, (デ), 右投げ, 6試合, 0勝, 0敗, 0セーブ, 0HP, 防御率9.00, 勝率0.000
国吉　佑樹, (デ), 右投げ, 1試合, 0勝, 0敗, 0セーブ, 0HP, 防御率21.60, 勝率0.000
久保　裕也, (デ), 右投げ, 9試合, 0勝, 0敗, 0セーブ, 0HP, 防御率5.25, 勝率0.000
小杉　陽太, (デ), 右投げ, 20試合, 0勝, 0敗, 0セーブ, 0HP, 防御率3.71, 勝率0.000
小林　寛, (デ), 右投げ, 1試合, 0勝, 0敗, 0セーブ, 0HP, 防御率27.00, 勝率0.000
野川　拓斗, (デ), 左投げ, 6試合, 0勝, 0敗, 0セーブ, 0HP, 防御率2.57, 勝率0.000
平田　真吾, (デ), 右投げ, 4試合, 0勝, 0敗, 0セーブ, 0HP, 防御率21.60, 勝率0.000
ブロードウェイ, (デ), 右投げ, 5試合, 0勝, 0敗, 0セーブ, 0HP, 防御率4.50, 勝率0.000
福地　元春, (デ), 左投げ, 6試合, 0勝, 1敗, 0セーブ, 0HP, 防御率12.15, 勝率0.000
三浦　大輔, (デ), 右投げ, 3試合, 0勝, 3敗, 0セーブ, 0HP, 防御率11.05, 勝率0.000
伊藤　和雄, (神), 右投げ, 5試合, 0勝, 0敗, 0セーブ, 0HP, 防御率2.45, 勝率0.000
岩田　稔, (神), 左投げ, 6試合, 0勝, 3敗, 0セーブ, 0HP, 防御率8.85, 勝率0.000
筒井　和也, (神), 左投げ, 1試合, 0勝, 0敗, 0セーブ, 0HP, 防御率9.00, 勝率0.000
鶴　直人, (神), 右投げ, 2試合, 0勝, 0敗, 0セーブ, 0HP, 防御率7.71, 勝率0.000
望月　惇志, (神), 右投げ, 1試合, 0勝, 0敗, 0セーブ, 0HP, 防御率0.00, 勝率0.000
守屋　功輝, (神), 右投げ, 4試合, 0勝, 1敗, 0セーブ, 0HP, 防御率8.64, 勝率0.000
山本　翔也, (神), 左投げ, 6試合, 0勝, 0敗, 0セーブ, 0HP, 防御率5.40, 勝率0.000
風張　蓮, (ヤ), 右投げ, 6試合, 0勝, 0敗, 0セーブ, 0HP, 防御率8.10, 勝率0.000
木谷　良平, (ヤ), 右投げ, 1試合, 0勝, 0敗, 0セーブ, 0HP, 防御率27.00, 勝率0.000
近藤　一樹, (ヤ), 右投げ, 8試合, 0勝, 0敗, 0セーブ, 0HP, 防御率3.18, 勝率0.000
竹下　真吾, (ヤ), 左投げ, 1試合, 0勝, 0敗, 0セーブ, 0HP, 防御率13.50, 勝率0.000
徳山　武陽, (ヤ), 右投げ, 3試合, 0勝, 0敗, 0セーブ, 0HP, 防御率12.46, 勝率0.000
土肥　寛昌, (ヤ), 右投げ, 4試合, 0勝, 0敗, 0セーブ, 0HP, 防御率8.44, 勝率0.000
中島　彰吾, (ヤ), 右投げ, 3試合, 0勝, 0敗, 0セーブ, 0HP, 防御率6.00, 勝率0.000
古野　正人, (ヤ), 右投げ, 6試合, 0勝, 2敗, 0セーブ, 0HP, 防御率9.45, 勝率0.000
八木　亮祐, (ヤ), 左投げ, 1試合, 0勝, 1敗, 0セーブ, 0HP, 防御率12.00, 勝率0.000
阿知羅　拓馬, (中), 右投げ, 13試合, 0勝, 0敗, 0セーブ, 0HP, 防御率2.51, 勝率0.000
岩田　慎司, (中), 右投げ, 1試合, 0勝, 0敗, 0セーブ, 0HP, 防御率0.00, 勝率0.000
金子　丈, (中), 右投げ, 1試合, 0勝, 0敗, 0セーブ, 0HP, 防御率18.00, 勝率0.000
セプティモ, (中), 左投げ, 3試合, 0勝, 1敗, 0セーブ, 0HP, 防御率4.26, 勝率0.000
濱田　達郎, (中), 左投げ, 1試合, 0勝, 1敗, 0セーブ, 0HP, 防御率15.75, 勝率0.000
武藤　祐太, (中), 右投げ, 4試合, 0勝, 0敗, 0セーブ, 0HP, 防御率3.38, 勝率0.000
八木　智哉, (中), 左投げ, 1試合, 0勝, 0敗, 0セーブ, 0HP, 防御率1.50, 勝率0.000
雄太, (中), 左投げ, 1試合, 0勝, 0敗, 0セーブ, 0HP, 防御率0.00, 勝率0.000
